{"cameraMode":{"drawMode":0,"name":"Shaded","section":"Shading Mode"},"sceneLighting":false,"audioPlay":false,"sceneViewState":{"showFog":true,"showMaterialUpdate":false,"showSkybox":true,"showFlares":true,"showImageEffects":true,"showParticleSystems":true},"in2DMode":false,"pivot":{"x":1.6399999856948853,"y":2.4354026317596437,"z":5.570000171661377},"rotation":{"x":0.09772215783596039,"y":0.18401271104812623,"z":-0.018388861790299417,"w":0.9778811931610107},"size":30.41375732421875,"orthographic":true}